focal_player_id,focal_player_name,focal_role,teammate_player_id,teammate_player_name,teammate_role,games_together,win_rate_together,focal_perf_with_teammate,teammate_perf_when_together,focal_dpm_with_teammate,teammate_dpm_when_together,focal_baseline_perf,focal_perf_delta_vs_baseline
685,Ruler,ADC,1115,Kiin,TOP,116,0.75,0.34129456321569773,0.26680576412956375,785.1465517241379,637.1810344827586,0.34129456321569773,0.0
685,Ruler,ADC,1629,Chovy,MID,116,0.75,0.34129456321569773,0.5105496212600987,785.1465517241379,772.1810344827586,0.34129456321569773,0.0
685,Ruler,ADC,1909,Canyon,JUNGLE,116,0.75,0.34129456321569773,0.2941771722503067,785.1465517241379,460.30172413793105,0.34129456321569773,0.0
685,Ruler,ADC,4259,Duro,SUPPORT,116,0.75,0.34129456321569773,0.06407752614626996,785.1465517241379,202.91379310344828,0.34129456321569773,0.0
1115,Kiin,TOP,685,Ruler,ADC,116,0.75,0.26680576412956375,0.34129456321569773,637.1810344827586,785.1465517241379,0.26680576412956375,0.0
1115,Kiin,TOP,1629,Chovy,MID,116,0.75,0.26680576412956375,0.5105496212600987,637.1810344827586,772.1810344827586,0.26680576412956375,0.0
1115,Kiin,TOP,1909,Canyon,JUNGLE,116,0.75,0.26680576412956375,0.2941771722503067,637.1810344827586,460.30172413793105,0.26680576412956375,0.0
1115,Kiin,TOP,4259,Duro,SUPPORT,116,0.75,0.26680576412956375,0.06407752614626996,637.1810344827586,202.91379310344828,0.26680576412956375,0.0
1328,Aiming,ADC,1250,ShowMaker,MID,116,0.5603448275862069,0.2526661169156101,0.013280913111761964,731.75,639.6724137931035,0.2526661169156101,0.0
1328,Aiming,ADC,2184,BeryL,SUPPORT,116,0.5603448275862069,0.2526661169156101,0.12217815069355303,731.75,226.7844827586207,0.2526661169156101,0.0
1328,Aiming,ADC,3895,Lucid,JUNGLE,116,0.5603448275862069,0.2526661169156101,0.005212163288051836,731.75,418.07758620689657,0.2526661169156101,0.0
1328,Aiming,ADC,5392,Siwoo,TOP,116,0.5603448275862069,0.2526661169156101,0.0581632685095683,731.75,595.7758620689655,0.2526661169156101,0.0
1629,Chovy,MID,685,Ruler,ADC,116,0.75,0.5105496212600987,0.34129456321569773,772.1810344827586,785.1465517241379,0.5105496212600987,0.0
1629,Chovy,MID,1115,Kiin,TOP,116,0.75,0.5105496212600987,0.26680576412956375,772.1810344827586,637.1810344827586,0.5105496212600987,0.0
1629,Chovy,MID,1909,Canyon,JUNGLE,116,0.75,0.5105496212600987,0.2941771722503067,772.1810344827586,460.30172413793105,0.5105496212600987,0.0
1629,Chovy,MID,4259,Duro,SUPPORT,116,0.75,0.5105496212600987,0.06407752614626996,772.1810344827586,202.91379310344828,0.5105496212600987,0.0
1909,Canyon,JUNGLE,685,Ruler,ADC,116,0.75,0.2941771722503067,0.34129456321569773,460.30172413793105,785.1465517241379,0.2941771722503067,0.0
1909,Canyon,JUNGLE,1115,Kiin,TOP,116,0.75,0.2941771722503067,0.26680576412956375,460.30172413793105,637.1810344827586,0.2941771722503067,0.0
1909,Canyon,JUNGLE,1629,Chovy,MID,116,0.75,0.2941771722503067,0.5105496212600987,460.30172413793105,772.1810344827586,0.2941771722503067,0.0
1909,Canyon,JUNGLE,4259,Duro,SUPPORT,116,0.75,0.2941771722503067,0.06407752614626996,460.30172413793105,202.91379310344828,0.2941771722503067,0.0
2184,BeryL,SUPPORT,1250,ShowMaker,MID,116,0.5603448275862069,0.12217815069355303,0.013280913111761964,226.7844827586207,639.6724137931035,0.12217815069355303,0.0
2184,BeryL,SUPPORT,1328,Aiming,ADC,116,0.5603448275862069,0.12217815069355303,0.2526661169156101,226.7844827586207,731.75,0.12217815069355303,0.0
2184,BeryL,SUPPORT,3895,Lucid,JUNGLE,116,0.5603448275862069,0.12217815069355303,0.005212163288051836,226.7844827586207,418.07758620689657,0.12217815069355303,0.0
2184,BeryL,SUPPORT,5392,Siwoo,TOP,116,0.5603448275862069,0.12217815069355303,0.0581632685095683,226.7844827586207,595.7758620689655,0.12217815069355303,0.0
3895,Lucid,JUNGLE,1250,ShowMaker,MID,116,0.5603448275862069,0.005212163288051836,0.013280913111761964,418.07758620689657,639.6724137931035,0.005212163288051836,0.0
3895,Lucid,JUNGLE,1328,Aiming,ADC,116,0.5603448275862069,0.005212163288051836,0.2526661169156101,418.07758620689657,731.75,0.005212163288051836,0.0
3895,Lucid,JUNGLE,2184,BeryL,SUPPORT,116,0.5603448275862069,0.005212163288051836,0.12217815069355303,418.07758620689657,226.7844827586207,0.005212163288051836,0.0
3895,Lucid,JUNGLE,5392,Siwoo,TOP,116,0.5603448275862069,0.005212163288051836,0.0581632685095683,418.07758620689657,595.7758620689655,0.005212163288051836,0.0
4259,Duro,SUPPORT,685,Ruler,ADC,116,0.75,0.06407752614626996,0.34129456321569773,202.91379310344828,785.1465517241379,0.06407752614626996,0.0
4259,Duro,SUPPORT,1115,Kiin,TOP,116,0.75,0.06407752614626996,0.26680576412956375,202.91379310344828,637.1810344827586,0.06407752614626996,0.0
4259,Duro,SUPPORT,1629,Chovy,MID,116,0.75,0.06407752614626996,0.5105496212600987,202.91379310344828,772.1810344827586,0.06407752614626996,0.0
4259,Duro,SUPPORT,1909,Canyon,JUNGLE,116,0.75,0.06407752614626996,0.2941771722503067,202.91379310344828,460.30172413793105,0.06407752614626996,0.0
5392,Siwoo,TOP,1250,ShowMaker,MID,116,0.5603448275862069,0.0581632685095683,0.013280913111761964,595.7758620689655,639.6724137931035,0.0581632685095683,0.0
5392,Siwoo,TOP,1328,Aiming,ADC,116,0.5603448275862069,0.0581632685095683,0.2526661169156101,595.7758620689655,731.75,0.0581632685095683,0.0
5392,Siwoo,TOP,2184,BeryL,SUPPORT,116,0.5603448275862069,0.0581632685095683,0.12217815069355303,595.7758620689655,226.7844827586207,0.0581632685095683,0.0
5392,Siwoo,TOP,3895,Lucid,JUNGLE,116,0.5603448275862069,0.0581632685095683,0.005212163288051836,595.7758620689655,418.07758620689657,0.0581632685095683,0.0
1250,ShowMaker,MID,1328,Aiming,ADC,116,0.5603448275862069,0.013280913111761964,0.2526661169156101,639.6724137931035,731.75,0.013280913111761973,-8.673617379884035e-18
1250,ShowMaker,MID,2184,BeryL,SUPPORT,116,0.5603448275862069,0.013280913111761964,0.12217815069355303,639.6724137931035,226.7844827586207,0.013280913111761973,-8.673617379884035e-18
1250,ShowMaker,MID,3895,Lucid,JUNGLE,116,0.5603448275862069,0.013280913111761964,0.005212163288051836,639.6724137931035,418.07758620689657,0.013280913111761973,-8.673617379884035e-18
1250,ShowMaker,MID,5392,Siwoo,TOP,116,0.5603448275862069,0.013280913111761964,0.0581632685095683,639.6724137931035,595.7758620689655,0.013280913111761973,-8.673617379884035e-18
392,Peanut,JUNGLE,1228,Viper,ADC,113,0.6548672566371682,-0.028834620912813004,0.2341280311412783,414.7787610619469,782.1592920353983,-0.028834620912813004,0.0
392,Peanut,JUNGLE,2906,Zeka,MID,113,0.6548672566371682,-0.028834620912813004,0.0786099889231795,414.7787610619469,685.1858407079646,-0.028834620912813004,0.0
392,Peanut,JUNGLE,3411,Delight,SUPPORT,113,0.6548672566371682,-0.028834620912813004,0.24474104056512572,414.7787610619469,206.01769911504425,-0.028834620912813004,0.0
392,Peanut,JUNGLE,3658,Zeus,TOP,113,0.6548672566371682,-0.028834620912813004,0.16006010762374817,414.7787610619469,627.9203539823009,-0.028834620912813004,0.0
3411,Delight,SUPPORT,392,Peanut,JUNGLE,113,0.6548672566371682,0.24474104056512572,-0.028834620912813004,206.01769911504425,414.7787610619469,0.24474104056512572,0.0
3411,Delight,SUPPORT,1228,Viper,ADC,113,0.6548672566371682,0.24474104056512572,0.2341280311412783,206.01769911504425,782.1592920353983,0.24474104056512572,0.0
3411,Delight,SUPPORT,2906,Zeka,MID,113,0.6548672566371682,0.24474104056512572,0.0786099889231795,206.01769911504425,685.1858407079646,0.24474104056512572,0.0
3411,Delight,SUPPORT,3658,Zeus,TOP,113,0.6548672566371682,0.24474104056512572,0.16006010762374817,206.01769911504425,627.9203539823009,0.24474104056512572,0.0
3658,Zeus,TOP,392,Peanut,JUNGLE,113,0.6548672566371682,0.16006010762374817,-0.028834620912813004,627.9203539823009,414.7787610619469,0.16006010762374817,0.0
3658,Zeus,TOP,1228,Viper,ADC,113,0.6548672566371682,0.16006010762374817,0.2341280311412783,627.9203539823009,782.1592920353983,0.16006010762374817,0.0
3658,Zeus,TOP,2906,Zeka,MID,113,0.6548672566371682,0.16006010762374817,0.0786099889231795,627.9203539823009,685.1858407079646,0.16006010762374817,0.0
3658,Zeus,TOP,3411,Delight,SUPPORT,113,0.6548672566371682,0.16006010762374817,0.24474104056512572,627.9203539823009,206.01769911504425,0.16006010762374817,0.0
2906,Zeka,MID,392,Peanut,JUNGLE,113,0.6548672566371682,0.0786099889231795,-0.028834620912813004,685.1858407079646,414.7787610619469,0.07860998892317951,-1.3877787807814457e-17
2906,Zeka,MID,1228,Viper,ADC,113,0.6548672566371682,0.0786099889231795,0.2341280311412783,685.1858407079646,782.1592920353983,0.07860998892317951,-1.3877787807814457e-17
2906,Zeka,MID,3411,Delight,SUPPORT,113,0.6548672566371682,0.0786099889231795,0.24474104056512572,685.1858407079646,206.01769911504425,0.07860998892317951,-1.3877787807814457e-17
2906,Zeka,MID,3658,Zeus,TOP,113,0.6548672566371682,0.0786099889231795,0.16006010762374817,685.1858407079646,627.9203539823009,0.07860998892317951,-1.3877787807814457e-17
1228,Viper,ADC,392,Peanut,JUNGLE,113,0.6548672566371682,0.2341280311412783,-0.028834620912813004,782.1592920353983,414.7787610619469,0.23412803114127834,-2.7755575615628914e-17
1228,Viper,ADC,2906,Zeka,MID,113,0.6548672566371682,0.2341280311412783,0.0786099889231795,782.1592920353983,685.1858407079646,0.23412803114127834,-2.7755575615628914e-17
1228,Viper,ADC,3411,Delight,SUPPORT,113,0.6548672566371682,0.2341280311412783,0.24474104056512572,782.1592920353983,206.01769911504425,0.23412803114127834,-2.7755575615628914e-17
1228,Viper,ADC,3658,Zeus,TOP,113,0.6548672566371682,0.2341280311412783,0.16006010762374817,782.1592920353983,627.9203539823009,0.23412803114127834,-2.7755575615628914e-17
1242,Doran,TOP,48,Faker,MID,108,0.6111111111111112,0.09802223536793263,-0.03393916586160697,622.8518518518518,679.5277777777778,0.09802223536793263,0.0
1242,Doran,TOP,1258,Keria,SUPPORT,108,0.6111111111111112,0.09802223536793263,0.33464708674138094,622.8518518518518,247.2685185185185,0.09802223536793263,0.0
1242,Doran,TOP,3741,Oner,JUNGLE,108,0.6111111111111112,0.09802223536793263,0.33249398200961267,622.8518518518518,494.01851851851853,0.09802223536793263,0.0
1258,Keria,SUPPORT,48,Faker,MID,108,0.6111111111111112,0.33464708674138094,-0.03393916586160697,247.2685185185185,679.5277777777778,0.33464708674138094,0.0
1258,Keria,SUPPORT,1242,Doran,TOP,108,0.6111111111111112,0.33464708674138094,0.09802223536793263,247.2685185185185,622.8518518518518,0.33464708674138094,0.0
1258,Keria,SUPPORT,3741,Oner,JUNGLE,108,0.6111111111111112,0.33464708674138094,0.33249398200961267,247.2685185185185,494.01851851851853,0.33464708674138094,0.0
3741,Oner,JUNGLE,48,Faker,MID,108,0.6111111111111112,0.33249398200961267,-0.03393916586160697,494.01851851851853,679.5277777777778,0.33249398200961267,0.0
3741,Oner,JUNGLE,1242,Doran,TOP,108,0.6111111111111112,0.33249398200961267,0.09802223536793263,494.01851851851853,622.8518518518518,0.33249398200961267,0.0
3741,Oner,JUNGLE,1258,Keria,SUPPORT,108,0.6111111111111112,0.33249398200961267,0.33464708674138094,494.01851851851853,247.2685185185185,0.33249398200961267,0.0
48,Faker,MID,1242,Doran,TOP,108,0.6111111111111112,-0.03393916586160697,0.09802223536793263,679.5277777777778,622.8518518518518,-0.03393916586160696,-6.938893903907228e-18
48,Faker,MID,1258,Keria,SUPPORT,108,0.6111111111111112,-0.03393916586160697,0.33464708674138094,679.5277777777778,247.2685185185185,-0.03393916586160696,-6.938893903907228e-18
48,Faker,MID,3741,Oner,JUNGLE,108,0.6111111111111112,-0.03393916586160697,0.33249398200961267,679.5277777777778,494.01851851851853,-0.03393916586160696,-6.938893903907228e-18
650,Bdd,MID,983,Cuzz,JUNGLE,104,0.4519230769230769,0.016240430101069778,0.08017630163581314,642.9134615384615,443.1923076923077,0.016240430101069774,3.469446951953614e-18
983,Cuzz,JUNGLE,650,Bdd,MID,104,0.4519230769230769,0.08017630163581314,0.016240430101069778,443.1923076923077,642.9134615384615,0.08017630163581314,0.0
738,Lehends,SUPPORT,1229,kingen,TOP,102,0.4117647058823529,-0.164972757115448,0.027048122645319115,225.08823529411765,646.2549019607843,-0.164972757115448,0.0
738,Lehends,SUPPORT,3327,GIDEON,JUNGLE,102,0.4117647058823529,-0.164972757115448,-0.1855240786194856,225.08823529411765,396.3333333333333,-0.164972757115448,0.0
1229,kingen,TOP,738,Lehends,SUPPORT,102,0.4117647058823529,0.027048122645319115,-0.164972757115448,646.2549019607843,225.08823529411765,0.027048122645319115,0.0
1229,kingen,TOP,3327,GIDEON,JUNGLE,102,0.4117647058823529,0.027048122645319115,-0.1855240786194856,646.2549019607843,396.3333333333333,0.027048122645319115,0.0
3327,GIDEON,JUNGLE,738,Lehends,SUPPORT,102,0.4117647058823529,-0.1855240786194856,-0.164972757115448,396.3333333333333,225.08823529411765,-0.1855240786194856,0.0
3327,GIDEON,JUNGLE,1229,kingen,TOP,102,0.4117647058823529,-0.1855240786194856,0.027048122645319115,396.3333333333333,646.2549019607843,-0.1855240786194856,0.0
1613,Rich,TOP,4753,Sponge,JUNGLE,97,0.3917525773195876,-0.100567383905094,-0.14059409569746192,597.1340206185567,441.0927835051546,-0.100567383905094,0.0
4753,Sponge,JUNGLE,1613,Rich,TOP,97,0.3917525773195876,-0.14059409569746192,-0.100567383905094,441.0927835051546,597.1340206185567,-0.1405940956974619,-2.7755575615628914e-17
650,Bdd,MID,2508,deokdam,ADC,96,0.4583333333333333,0.01827397153140744,-0.17517524116661884,643.1666666666666,688.28125,0.016240430101069774,0.0020335414303376646
983,Cuzz,JUNGLE,2508,deokdam,ADC,96,0.4583333333333333,0.08061341824859862,-0.17517524116661884,440.4583333333333,688.28125,0.08017630163581314,0.0004371166127854764
4233,Raptor,JUNGLE,1971,Kellin,SUPPORT,96,0.4166666666666667,-0.11510260241383252,-0.02129972214883406,462.3645833333333,223.15625,-0.11510260241383254,1.3877787807814457e-17
4233,Raptor,JUNGLE,4943,Diable,ADC,96,0.4166666666666667,-0.11510260241383252,0.03666920747974202,462.3645833333333,743.96875,-0.11510260241383254,1.3877787807814457e-17
2508,deokdam,ADC,650,Bdd,MID,96,0.4583333333333333,-0.17517524116661884,0.01827397153140744,688.28125,643.1666666666666,-0.17517524116661884,0.0
2508,deokdam,ADC,983,Cuzz,JUNGLE,96,0.4583333333333333,-0.17517524116661884,0.08061341824859862,688.28125,440.4583333333333,-0.17517524116661884,0.0
1971,Kellin,SUPPORT,4233,Raptor,JUNGLE,96,0.4166666666666667,-0.02129972214883406,-0.11510260241383252,223.15625,462.3645833333333,-0.021299722148834053,-6.938893903907228e-18
1971,Kellin,SUPPORT,4943,Diable,ADC,96,0.4166666666666667,-0.02129972214883406,0.03666920747974202,223.15625,743.96875,-0.021299722148834053,-6.938893903907228e-18
4943,Diable,ADC,1971,Kellin,SUPPORT,96,0.4166666666666667,0.03666920747974202,-0.02129972214883406,743.96875,223.15625,0.036669207479742026,-6.938893903907228e-18
4943,Diable,ADC,4233,Raptor,JUNGLE,96,0.4166666666666667,0.03666920747974202,-0.11510260241383252,743.96875,462.3645833333333,0.036669207479742026,-6.938893903907228e-18
738,Lehends,SUPPORT,4755,Jiwoo,ADC,94,0.43617021276595747,-0.12532143776926513,-0.3370995490893306,228.24468085106383,685.1170212765958,-0.164972757115448,0.03965131934618288
1229,kingen,TOP,4755,Jiwoo,ADC,94,0.43617021276595747,0.05647179380905735,-0.3370995490893306,654.3404255319149,685.1170212765958,0.027048122645319115,0.029423671163738233
3327,GIDEON,JUNGLE,4755,Jiwoo,ADC,94,0.43617021276595747,-0.15742696918910168,-0.3370995490893306,403.6063829787234,685.1170212765958,-0.1855240786194856,0.028097109430383932
4755,Jiwoo,ADC,738,Lehends,SUPPORT,94,0.43617021276595747,-0.3370995490893306,-0.12532143776926513,685.1170212765958,228.24468085106383,-0.3370995490893306,0.0
4755,Jiwoo,ADC,1229,kingen,TOP,94,0.43617021276595747,-0.3370995490893306,0.05647179380905735,685.1170212765958,654.3404255319149,-0.3370995490893306,0.0
4755,Jiwoo,ADC,3327,GIDEON,JUNGLE,94,0.43617021276595747,-0.3370995490893306,-0.15742696918910168,685.1170212765958,403.6063829787234,-0.3370995490893306,0.0
2545,Morgan,TOP,3195,Clozer,MID,92,0.391304347826087,0.010746536768559323,0.05010082313232091,571.6739130434783,635.0326086956521,0.010746536768559318,5.204170427930421e-18
2545,Morgan,TOP,4865,Pollu,SUPPORT,92,0.391304347826087,0.010746536768559323,-0.16622556493973986,571.6739130434783,191.55434782608697,0.010746536768559318,5.204170427930421e-18
3195,Clozer,MID,2545,Morgan,TOP,92,0.391304347826087,0.05010082313232091,0.010746536768559323,635.0326086956521,571.6739130434783,0.05010082313232091,0.0
3195,Clozer,MID,4865,Pollu,SUPPORT,92,0.391304347826087,0.05010082313232091,-0.16622556493973986,635.0326086956521,191.55434782608697,0.05010082313232091,0.0
4865,Pollu,SUPPORT,2545,Morgan,TOP,92,0.391304347826087,-0.16622556493973986,0.010746536768559323,191.55434782608697,571.6739130434783,-0.16622556493973986,0.0
4865,Pollu,SUPPORT,3195,Clozer,MID,92,0.391304347826087,-0.16622556493973986,0.05010082313232091,191.55434782608697,635.0326086956521,-0.16622556493973986,0.0
4943,Diable,ADC,3326,Vicla,MID,88,0.42045454545454547,0.04549525616128892,-0.19151613325491687,747.9318181818181,689.0227272727273,0.036669207479742026,0.008826048681546891
1971,Kellin,SUPPORT,3326,Vicla,MID,88,0.42045454545454547,-0.01279090377474469,-0.19151613325491687,226.23863636363637,689.0227272727273,-0.021299722148834053,0.008508818374089363
3326,Vicla,MID,1971,Kellin,SUPPORT,88,0.42045454545454547,-0.19151613325491687,-0.01279090377474469,689.0227272727273,226.23863636363637,-0.1915161332549169,2.7755575615628914e-17
3326,Vicla,MID,4233,Raptor,JUNGLE,88,0.42045454545454547,-0.19151613325491687,-0.14394028166454953,689.0227272727273,457.75,-0.1915161332549169,2.7755575615628914e-17
3326,Vicla,MID,4943,Diable,ADC,88,0.42045454545454547,-0.19151613325491687,0.04549525616128892,689.0227272727273,747.9318181818181,-0.1915161332549169,2.7755575615628914e-17
3082,DuDu,TOP,3322,Berserker,ADC,88,0.23863636363636365,-0.1455487277913708,-0.18437332816025956,574.9886363636364,650.9204545454545,-0.1455487277913708,0.0
3322,Berserker,ADC,3082,DuDu,TOP,88,0.23863636363636365,-0.18437332816025956,-0.1455487277913708,650.9204545454545,574.9886363636364,-0.18437332816025956,0.0
4233,Raptor,JUNGLE,3326,Vicla,MID,88,0.42045454545454547,-0.14394028166454953,-0.19151613325491687,457.75,689.0227272727273,-0.11510260241383254,-0.028837679250716994
1613,Rich,TOP,4938,Andil,SUPPORT,87,0.41379310344827586,-0.07127485309603714,-0.20214509544572493,599.4597701149426,197.8735632183908,-0.100567383905094,0.02929253080905686
4753,Sponge,JUNGLE,4938,Andil,SUPPORT,87,0.41379310344827586,-0.13069055817803915,-0.20214509544572493,436.82758620689657,197.8735632183908,-0.1405940956974619,0.009903537519422745
4938,Andil,SUPPORT,1613,Rich,TOP,87,0.41379310344827586,-0.20214509544572493,-0.07127485309603714,197.8735632183908,599.4597701149426,-0.20214509544572493,0.0
4938,Andil,SUPPORT,4753,Sponge,JUNGLE,87,0.41379310344827586,-0.20214509544572493,-0.13069055817803915,197.8735632183908,436.82758620689657,-0.20214509544572493,0.0
4943,Diable,ADC,3421,Clear,TOP,86,0.43023255813953487,0.0662894722834832,-0.17480975997094933,753.1511627906976,584.5581395348837,0.036669207479742026,0.02962026480374117
3326,Vicla,MID,3421,Clear,TOP,86,0.43023255813953487,-0.17683574773799984,-0.17480975997094933,691.7325581395348,584.5581395348837,-0.1915161332549169,0.014680385516917055
1971,Kellin,SUPPORT,3421,Clear,TOP,86,0.43023255813953487,-0.007651118716331351,-0.17480975997094933,225.96511627906978,584.5581395348837,-0.021299722148834053,0.013648603432502703
3421,Clear,TOP,1971,Kellin,SUPPORT,86,0.43023255813953487,-0.17480975997094933,-0.007651118716331351,584.5581395348837,225.96511627906978,-0.1748097599709493,-2.7755575615628914e-17
3421,Clear,TOP,3326,Vicla,MID,86,0.43023255813953487,-0.17480975997094933,-0.17683574773799984,584.5581395348837,691.7325581395348,-0.1748097599709493,-2.7755575615628914e-17
3421,Clear,TOP,4233,Raptor,JUNGLE,86,0.43023255813953487,-0.17480975997094933,-0.12203944517200822,584.5581395348837,460.66279069767444,-0.1748097599709493,-2.7755575615628914e-17
3421,Clear,TOP,4943,Diable,ADC,86,0.43023255813953487,-0.17480975997094933,0.0662894722834832,584.5581395348837,753.1511627906976,-0.1748097599709493,-2.7755575615628914e-17
4233,Raptor,JUNGLE,3421,Clear,TOP,86,0.43023255813953487,-0.12203944517200822,-0.17480975997094933,460.66279069767444,584.5581395348837,-0.11510260241383254,-0.0069368427581756875
3322,Berserker,ADC,2664,Pyosik,JUNGLE,85,0.23529411764705882,-0.16518073586789903,-0.3020417782352392,658.964705882353,356.8941176470588,-0.18437332816025956,0.019192592292360533
2508,deokdam,ADC,5122,PerfecT,TOP,85,0.47058823529411764,-0.16309081070069498,-0.315152700034969,696.3882352941176,501.43529411764706,-0.17517524116661884,0.012084430465923862
3082,DuDu,TOP,2664,Pyosik,JUNGLE,85,0.23529411764705882,-0.13594880626749759,-0.3020417782352392,576.1529411764706,356.8941176470588,-0.1455487277913708,0.009599921523873206
2664,Pyosik,JUNGLE,3082,DuDu,TOP,85,0.23529411764705882,-0.3020417782352392,-0.13594880626749759,356.8941176470588,576.1529411764706,-0.3020417782352392,0.0
2664,Pyosik,JUNGLE,3322,Berserker,ADC,85,0.23529411764705882,-0.3020417782352392,-0.16518073586789903,356.8941176470588,658.964705882353,-0.3020417782352392,0.0
5122,PerfecT,TOP,650,Bdd,MID,85,0.47058823529411764,-0.315152700034969,0.007622317965562783,501.43529411764706,630.2352941176471,-0.315152700034969,0.0
5122,PerfecT,TOP,983,Cuzz,JUNGLE,85,0.47058823529411764,-0.315152700034969,0.06699889310248204,501.43529411764706,434.25882352941176,-0.315152700034969,0.0
5122,PerfecT,TOP,2508,deokdam,ADC,85,0.47058823529411764,-0.315152700034969,-0.16309081070069498,501.43529411764706,696.3882352941176,-0.315152700034969,0.0
650,Bdd,MID,5122,PerfecT,TOP,85,0.47058823529411764,0.007622317965562783,-0.315152700034969,630.2352941176471,501.43529411764706,0.016240430101069774,-0.008618112135506992
983,Cuzz,JUNGLE,5122,PerfecT,TOP,85,0.47058823529411764,0.06699889310248204,-0.315152700034969,434.25882352941176,501.43529411764706,0.08017630163581314,-0.013177408533331103
3741,Oner,JUNGLE,3247,Gumayusi,ADC,84,0.6071428571428571,0.3650634246259057,0.1255614239020843,499.5833333333333,748.7380952380952,0.33249398200961267,0.03256944261629302
48,Faker,MID,3247,Gumayusi,ADC,84,0.6071428571428571,-0.025948053163437765,0.1255614239020843,673.7261904761905,748.7380952380952,-0.03393916586160696,0.007991112698169194
1242,Doran,TOP,3247,Gumayusi,ADC,84,0.6071428571428571,0.10417636391169297,0.1255614239020843,631.452380952381,748.7380952380952,0.09802223536793263,0.006154128543760337
3247,Gumayusi,ADC,48,Faker,MID,84,0.6071428571428571,0.1255614239020843,-0.025948053163437765,748.7380952380952,673.7261904761905,0.1255614239020843,0.0
3247,Gumayusi,ADC,1242,Doran,TOP,84,0.6071428571428571,0.1255614239020843,0.10417636391169297,748.7380952380952,631.452380952381,0.1255614239020843,0.0
3247,Gumayusi,ADC,1258,Keria,SUPPORT,84,0.6071428571428571,0.1255614239020843,0.3181994160288978,748.7380952380952,244.63095238095238,0.1255614239020843,0.0
3247,Gumayusi,ADC,3741,Oner,JUNGLE,84,0.6071428571428571,0.1255614239020843,0.3650634246259057,748.7380952380952,499.5833333333333,0.1255614239020843,0.0
1258,Keria,SUPPORT,3247,Gumayusi,ADC,84,0.6071428571428571,0.3181994160288978,0.1255614239020843,244.63095238095238,748.7380952380952,0.33464708674138094,-0.016447670712483153
983,Cuzz,JUNGLE,4260,Peter,SUPPORT,82,0.4878048780487805,0.15147336880344606,-0.06122435825105954,447.4390243902439,194.64634146341464,0.08017630163581314,0.07129706716763291
650,Bdd,MID,4260,Peter,SUPPORT,82,0.4878048780487805,0.019079973998604515,-0.06122435825105954,646.4878048780488,194.64634146341464,0.016240430101069774,0.002839543897534741
4260,Peter,SUPPORT,650,Bdd,MID,82,0.4878048780487805,-0.06122435825105954,0.019079973998604515,194.64634146341464,646.4878048780488,-0.06122435825105954,0.0
4260,Peter,SUPPORT,983,Cuzz,JUNGLE,82,0.4878048780487805,-0.06122435825105954,0.15147336880344606,194.64634146341464,447.4390243902439,-0.06122435825105954,0.0
2545,Morgan,TOP,3694,Hype,ADC,81,0.3950617283950617,0.03004938339537385,-0.10483503738217337,578.4814814814815,683.5061728395061,0.010746536768559318,0.019302846626814533
3195,Clozer,MID,3694,Hype,ADC,81,0.3950617283950617,0.050332337899518145,-0.10483503738217337,629.1481481481482,683.5061728395061,0.05010082313232091,0.0002315147671972384
3694,Hype,ADC,2545,Morgan,TOP,81,0.3950617283950617,-0.10483503738217337,0.03004938339537385,683.5061728395061,578.4814814814815,-0.10483503738217337,0.0
3694,Hype,ADC,3195,Clozer,MID,81,0.3950617283950617,-0.10483503738217337,0.050332337899518145,683.5061728395061,629.1481481481482,-0.10483503738217337,0.0
3694,Hype,ADC,4865,Pollu,SUPPORT,81,0.3950617283950617,-0.10483503738217337,-0.17624250906549618,683.5061728395061,190.96296296296296,-0.10483503738217337,0.0
4865,Pollu,SUPPORT,3694,Hype,ADC,81,0.3950617283950617,-0.17624250906549618,-0.10483503738217337,190.96296296296296,683.5061728395061,-0.16622556493973986,-0.010016944125756322
1906,Life,SUPPORT,3082,DuDu,TOP,80,0.2375,-0.26318086557378784,-0.1726718274519555,183.3125,563.0875,-0.26318086557378784,0.0
1906,Life,SUPPORT,3322,Berserker,ADC,80,0.2375,-0.26318086557378784,-0.216440639988453,183.3125,636.325,-0.26318086557378784,0.0
3082,DuDu,TOP,1906,Life,SUPPORT,80,0.2375,-0.1726718274519555,-0.26318086557378784,563.0875,183.3125,-0.1455487277913708,-0.02712309966058471
3322,Berserker,ADC,1906,Life,SUPPORT,80,0.2375,-0.216440639988453,-0.26318086557378784,636.325,183.3125,-0.18437332816025956,-0.032067311828193445
2664,Pyosik,JUNGLE,1906,Life,SUPPORT,77,0.23376623376623376,-0.28201551267734887,-0.28093085577099347,360.8181818181818,181.0909090909091,-0.3020417782352392,0.020026265557890333
1906,Life,SUPPORT,2664,Pyosik,JUNGLE,77,0.23376623376623376,-0.28093085577099347,-0.28201551267734887,181.0909090909091,360.8181818181818,-0.26318086557378784,-0.017749990197205634
3322,Berserker,ADC,3974,Bulldog,MID,76,0.25,-0.0940577619661919,-0.18068399017487674,674.328947368421,682.921052631579,-0.18437332816025956,0.09031556619406766
3082,DuDu,TOP,3974,Bulldog,MID,76,0.25,-0.08293322967377678,-0.18068399017487674,588.8157894736842,682.921052631579,-0.1455487277913708,0.06261549811759401
3974,Bulldog,MID,2664,Pyosik,JUNGLE,76,0.25,-0.18068399017487674,-0.3065032079804802,682.921052631579,355.75,-0.18068399017487674,0.0
3974,Bulldog,MID,3082,DuDu,TOP,76,0.25,-0.18068399017487674,-0.08293322967377678,682.921052631579,588.8157894736842,-0.18068399017487674,0.0
3974,Bulldog,MID,3322,Berserker,ADC,76,0.25,-0.18068399017487674,-0.0940577619661919,682.921052631579,674.328947368421,-0.18068399017487674,0.0
2664,Pyosik,JUNGLE,3974,Bulldog,MID,76,0.25,-0.3065032079804802,-0.18068399017487674,355.75,682.921052631579,-0.3020417782352392,-0.004461429745240997
2508,deokdam,ADC,4260,Peter,SUPPORT,74,0.5,-0.04577435027952465,-0.06738941653577545,706.7027027027027,191.63513513513513,-0.17517524116661884,0.1294008908870942
4260,Peter,SUPPORT,2508,deokdam,ADC,74,0.5,-0.06738941653577545,-0.04577435027952465,191.63513513513513,706.7027027027027,-0.06122435825105954,-0.006165058284715905
1906,Life,SUPPORT,3974,Bulldog,MID,68,0.25,-0.23525517268459892,-0.17488040247232647,185.01470588235293,680.8529411764706,-0.26318086557378784,0.02792569288918892
3974,Bulldog,MID,1906,Life,SUPPORT,68,0.25,-0.17488040247232647,-0.23525517268459892,680.8529411764706,185.01470588235293,-0.18068399017487674,0.005803587702550267
5122,PerfecT,TOP,4260,Peter,SUPPORT,63,0.5238095238095238,-0.24548642131034257,-0.08536156934390425,510.9047619047619,184.15873015873015,-0.315152700034969,0.06966627872462641
4260,Peter,SUPPORT,5122,PerfecT,TOP,63,0.5238095238095238,-0.08536156934390425,-0.24548642131034257,184.15873015873015,510.9047619047619,-0.06122435825105954,-0.02413721109284471
799,Teddy,ADC,1613,Rich,TOP,62,0.3548387096774194,-0.20640965809707112,-0.10800038259226996,667.1935483870968,592.1612903225806,-0.20640965809707112,0.0
799,Teddy,ADC,4753,Sponge,JUNGLE,62,0.3548387096774194,-0.20640965809707112,-0.16298848188665438,667.1935483870968,450.51612903225805,-0.20640965809707112,0.0
5058,Calix,MID,738,Lehends,SUPPORT,62,0.3225806451612903,-0.30702050180381985,-0.20860267625232282,581.9516129032259,241.83870967741936,-0.30702050180381985,0.0
5058,Calix,MID,1229,kingen,TOP,62,0.3225806451612903,-0.30702050180381985,-0.12052954850354883,581.9516129032259,647.0,-0.30702050180381985,0.0
5058,Calix,MID,3327,GIDEON,JUNGLE,62,0.3225806451612903,-0.30702050180381985,-0.3273893751564854,581.9516129032259,392.6290322580645,-0.30702050180381985,0.0
1613,Rich,TOP,799,Teddy,ADC,62,0.3548387096774194,-0.10800038259226996,-0.20640965809707112,592.1612903225806,667.1935483870968,-0.100567383905094,-0.007432998687175965
4753,Sponge,JUNGLE,799,Teddy,ADC,62,0.3548387096774194,-0.16298848188665438,-0.20640965809707112,450.51612903225805,667.1935483870968,-0.1405940956974619,-0.022394386189192483
738,Lehends,SUPPORT,5058,Calix,MID,62,0.3225806451612903,-0.20860267625232282,-0.30702050180381985,241.83870967741936,581.9516129032259,-0.164972757115448,-0.043629919136874806
3327,GIDEON,JUNGLE,5058,Calix,MID,62,0.3225806451612903,-0.3273893751564854,-0.30702050180381985,392.6290322580645,581.9516129032259,-0.1855240786194856,-0.1418652965369998
1229,kingen,TOP,5058,Calix,MID,62,0.3225806451612903,-0.12052954850354883,-0.30702050180381985,647.0,581.9516129032259,0.027048122645319115,-0.14757767114886794
1504,Ucal,MID,1613,Rich,TOP,58,0.3620689655172414,-0.1673332687255159,-0.22135112762063286,611.6206896551724,583.448275862069,-0.1673332687255159,0.0
1504,Ucal,MID,4753,Sponge,JUNGLE,58,0.3620689655172414,-0.1673332687255159,-0.18798581352012436,611.6206896551724,444.6896551724138,-0.1673332687255159,0.0
4753,Sponge,JUNGLE,1504,Ucal,MID,58,0.3620689655172414,-0.18798581352012436,-0.1673332687255159,444.6896551724138,611.6206896551724,-0.1405940956974619,-0.047391717822662466
1613,Rich,TOP,1504,Ucal,MID,58,0.3620689655172414,-0.22135112762063286,-0.1673332687255159,583.448275862069,611.6206896551724,-0.100567383905094,-0.12078374371553886
4865,Pollu,SUPPORT,2645,Croco,JUNGLE,55,0.43636363636363634,-0.08090716172335462,0.12978464558991995,211.29090909090908,448.6363636363636,-0.16622556493973986,0.08531840321638524
2545,Morgan,TOP,2645,Croco,JUNGLE,55,0.43636363636363634,0.05370395625004729,0.12978464558991995,584.6727272727272,448.6363636363636,0.010746536768559318,0.04295741948148797
2645,Croco,JUNGLE,2545,Morgan,TOP,55,0.43636363636363634,0.12978464558991995,0.05370395625004729,448.6363636363636,584.6727272727272,0.12978464558991995,0.0
2645,Croco,JUNGLE,3195,Clozer,MID,55,0.43636363636363634,0.12978464558991995,-0.008642946010170164,448.6363636363636,617.1090909090909,0.12978464558991995,0.0
2645,Croco,JUNGLE,4865,Pollu,SUPPORT,55,0.43636363636363634,0.12978464558991995,-0.08090716172335462,448.6363636363636,211.29090909090908,0.12978464558991995,0.0
3195,Clozer,MID,2645,Croco,JUNGLE,55,0.43636363636363634,-0.008642946010170164,0.12978464558991995,617.1090909090909,448.6363636363636,0.05010082313232091,-0.05874376914249107
5058,Calix,MID,4755,Jiwoo,ADC,54,0.35185185185185186,-0.27558900416416926,-0.4387076450800583,588.574074074074,692.1296296296297,-0.30702050180381985,0.031431497639650585
4755,Jiwoo,ADC,5058,Calix,MID,54,0.35185185185185186,-0.4387076450800583,-0.27558900416416926,692.1296296296297,588.574074074074,-0.3370995490893306,-0.10160809599072768
799,Teddy,ADC,4938,Andil,SUPPORT,52,0.38461538461538464,-0.16105115675341738,-0.1774445067837136,685.5384615384615,201.1346153846154,-0.20640965809707112,0.04535850134365374
4938,Andil,SUPPORT,799,Teddy,ADC,52,0.38461538461538464,-0.1774445067837136,-0.16105115675341738,201.1346153846154,685.5384615384615,-0.20214509544572493,0.02470058866201133
2645,Croco,JUNGLE,3694,Hype,ADC,49,0.4489795918367347,0.1507161850573355,-0.10995144009245335,449.734693877551,705.6938775510204,0.12978464558991995,0.02093153946741555
3694,Hype,ADC,2645,Croco,JUNGLE,49,0.4489795918367347,-0.10995144009245335,0.1507161850573355,705.6938775510204,449.734693877551,-0.10483503738217337,-0.00511640271027998
1504,Ucal,MID,4938,Andil,SUPPORT,48,0.3958333333333333,-0.1813462496493803,-0.2821447273904721,617.8333333333334,193.47916666666666,-0.1673332687255159,-0.014012980923864382
4938,Andil,SUPPORT,1504,Ucal,MID,48,0.3958333333333333,-0.2821447273904721,-0.1813462496493803,193.47916666666666,617.8333333333334,-0.20214509544572493,-0.07999963194474716
1229,kingen,TOP,4796,Fisher,MID,40,0.55,0.2557935129260644,-0.06813767582691486,645.1,688.95,0.027048122645319115,0.22874539028074528
3327,GIDEON,JUNGLE,4796,Fisher,MID,40,0.55,0.03436713101286405,-0.06813767582691486,402.075,688.95,-0.1855240786194856,0.21989120963234965
4755,Jiwoo,ADC,4796,Fisher,MID,40,0.55,-0.1999286195018482,-0.06813767582691486,675.65,688.95,-0.3370995490893306,0.1371709295874824
738,Lehends,SUPPORT,4796,Fisher,MID,40,0.55,-0.09734638245329212,-0.06813767582691486,199.125,688.95,-0.164972757115448,0.06762637466215589
4796,Fisher,MID,738,Lehends,SUPPORT,40,0.55,-0.06813767582691486,-0.09734638245329212,688.95,199.125,-0.06813767582691488,1.3877787807814457e-17
4796,Fisher,MID,1229,kingen,TOP,40,0.55,-0.06813767582691486,0.2557935129260644,688.95,645.1,-0.06813767582691488,1.3877787807814457e-17
4796,Fisher,MID,3327,GIDEON,JUNGLE,40,0.55,-0.06813767582691486,0.03436713101286405,688.95,402.075,-0.06813767582691488,1.3877787807814457e-17
4796,Fisher,MID,4755,Jiwoo,ADC,40,0.55,-0.06813767582691486,-0.1999286195018482,688.95,675.65,-0.06813767582691488,1.3877787807814457e-17
1613,Rich,TOP,5264,Kyeahoo,MID,39,0.4358974358974359,0.07905972213339968,-0.04799656781290133,617.4871794871794,683.5128205128206,-0.100567383905094,0.1796271060384937
4938,Andil,SUPPORT,5264,Kyeahoo,MID,39,0.4358974358974359,-0.10368400997526685,-0.04799656781290133,203.28205128205127,683.5128205128206,-0.20214509544572493,0.09846108547045808
4753,Sponge,JUNGLE,5264,Kyeahoo,MID,39,0.4358974358974359,-0.07011410508939983,-0.04799656781290133,435.7435897435897,683.5128205128206,-0.1405940956974619,0.07047999060806207
5264,Kyeahoo,MID,1613,Rich,TOP,39,0.4358974358974359,-0.04799656781290133,0.07905972213339968,683.5128205128206,617.4871794871794,-0.04799656781290133,0.0
5264,Kyeahoo,MID,4753,Sponge,JUNGLE,39,0.4358974358974359,-0.04799656781290133,-0.07011410508939983,683.5128205128206,435.7435897435897,-0.04799656781290133,0.0
5264,Kyeahoo,MID,4938,Andil,SUPPORT,39,0.4358974358974359,-0.04799656781290133,-0.10368400997526685,683.5128205128206,203.28205128205127,-0.04799656781290133,0.0
4753,Sponge,JUNGLE,5919,LazyFeel,ADC,35,0.45714285714285713,-0.10092404016232098,-0.4026682822066117,424.4,596.0571428571428,-0.1405940956974619,0.03967005553514091
1613,Rich,TOP,5919,LazyFeel,ADC,35,0.45714285714285713,-0.08740035765923941,-0.4026682822066117,605.9428571428572,596.0571428571428,-0.100567383905094,0.013167026245854585
5919,LazyFeel,ADC,1613,Rich,TOP,35,0.45714285714285713,-0.4026682822066117,-0.08740035765923941,596.0571428571428,605.9428571428572,-0.40266828220661166,-5.551115123125783e-17
5919,LazyFeel,ADC,4753,Sponge,JUNGLE,35,0.45714285714285713,-0.4026682822066117,-0.10092404016232098,596.0571428571428,424.4,-0.40266828220661166,-5.551115123125783e-17
5919,LazyFeel,ADC,4938,Andil,SUPPORT,35,0.45714285714285713,-0.4026682822066117,-0.23884311288642748,596.0571428571428,193.02857142857144,-0.40266828220661166,-5.551115123125783e-17
4938,Andil,SUPPORT,5919,LazyFeel,ADC,35,0.45714285714285713,-0.23884311288642748,-0.4026682822066117,193.02857142857144,596.0571428571428,-0.20214509544572493,-0.03669801744070256
799,Teddy,ADC,5264,Kyeahoo,MID,34,0.4411764705882353,0.0966004621370692,-0.025174691292953272,737.2058823529412,698.1764705882352,-0.20640965809707112,0.3030101202341403
5264,Kyeahoo,MID,799,Teddy,ADC,34,0.4411764705882353,-0.025174691292953272,0.0966004621370692,698.1764705882352,737.2058823529412,-0.04799656781290133,0.02282187651994806
3195,Clozer,MID,4217,HamBak,JUNGLE,32,0.34375,0.13196942928166475,-0.33780646341303444,657.09375,388.90625,0.05010082313232091,0.08186860614934384
4217,HamBak,JUNGLE,2545,Morgan,TOP,32,0.34375,-0.33780646341303444,-0.0686559819498159,388.90625,544.6875,-0.33780646341303444,0.0
4217,HamBak,JUNGLE,3195,Clozer,MID,32,0.34375,-0.33780646341303444,0.13196942928166475,388.90625,657.09375,-0.33780646341303444,0.0
4217,HamBak,JUNGLE,4865,Pollu,SUPPORT,32,0.34375,-0.33780646341303444,-0.254375585072091,388.90625,165.375,-0.33780646341303444,0.0
2545,Morgan,TOP,4217,HamBak,JUNGLE,32,0.34375,-0.0686559819498159,-0.33780646341303444,544.6875,388.90625,0.010746536768559318,-0.07940251871837521
4865,Pollu,SUPPORT,4217,HamBak,JUNGLE,32,0.34375,-0.254375585072091,-0.33780646341303444,165.375,388.90625,-0.16622556493973986,-0.08815002013235115
1504,Ucal,MID,5919,LazyFeel,ADC,30,0.4666666666666667,-0.1051558361822904,-0.38436259156648117,609.1666666666666,604.5333333333333,-0.1673332687255159,0.06217743254322551
5919,LazyFeel,ADC,1504,Ucal,MID,30,0.4666666666666667,-0.38436259156648117,-0.1051558361822904,604.5333333333333,609.1666666666666,-0.40266828220661166,0.01830569064013049
1504,Ucal,MID,799,Teddy,ADC,28,0.25,-0.23395194645040043,-0.5743505183813843,614.25,582.1785714285714,-0.1673332687255159,-0.06661867772488453
799,Teddy,ADC,1504,Ucal,MID,28,0.25,-0.5743505183813843,-0.23395194645040043,582.1785714285714,614.25,-0.20640965809707112,-0.36794086028431316
3694,Hype,ADC,4217,HamBak,JUNGLE,27,0.3333333333333333,-0.011214217303778983,-0.4377095171148256,671.8148148148148,364.0740740740741,-0.10483503738217337,0.09362082007839438
4217,HamBak,JUNGLE,3694,Hype,ADC,27,0.3333333333333333,-0.4377095171148256,-0.011214217303778983,364.0740740740741,671.8148148148148,-0.33780646341303444,-0.09990305370179114
1258,Keria,SUPPORT,4940,Smash,ADC,24,0.625,0.39221393423507184,0.15075655056533274,256.5,698.4583333333334,0.33464708674138094,0.0575668474936909
4940,Smash,ADC,48,Faker,MID,24,0.625,0.15075655056533274,-0.06190806030519918,698.4583333333334,699.8333333333334,0.15075655056533274,0.0
4940,Smash,ADC,1242,Doran,TOP,24,0.625,0.15075655056533274,0.07648278546477143,698.4583333333334,592.75,0.15075655056533274,0.0
4940,Smash,ADC,1258,Keria,SUPPORT,24,0.625,0.15075655056533274,0.39221393423507184,698.4583333333334,256.5,0.15075655056533274,0.0
4940,Smash,ADC,3741,Oner,JUNGLE,24,0.625,0.15075655056533274,0.2185009328525873,698.4583333333334,474.5416666666667,0.15075655056533274,0.0
1242,Doran,TOP,4940,Smash,ADC,24,0.625,0.07648278546477143,0.15075655056533274,592.75,698.4583333333334,0.09802223536793263,-0.0215394499031612
48,Faker,MID,4940,Smash,ADC,24,0.625,-0.06190806030519918,0.15075655056533274,699.8333333333334,698.4583333333334,-0.03393916586160696,-0.02796889444359222
3741,Oner,JUNGLE,4940,Smash,ADC,24,0.625,0.2185009328525873,0.15075655056533274,474.5416666666667,698.4583333333334,0.33249398200961267,-0.11399304915702538
4572,Way,SUPPORT,650,Bdd,MID,22,0.3181818181818182,-0.2104421906596365,0.0056566755738948205,204.04545454545453,629.5909090909091,-0.2104421906596365,0.0
4572,Way,SUPPORT,983,Cuzz,JUNGLE,22,0.3181818181818182,-0.2104421906596365,-0.18556731235263682,204.04545454545453,427.3636363636364,-0.2104421906596365,0.0
4572,Way,SUPPORT,2508,deokdam,ADC,22,0.3181818181818182,-0.2104421906596365,-0.6104327832413902,204.04545454545453,626.3181818181819,-0.2104421906596365,0.0
4572,Way,SUPPORT,5122,PerfecT,TOP,22,0.3181818181818182,-0.2104421906596365,-0.5146515891100354,204.04545454545453,474.3181818181818,-0.2104421906596365,0.0
650,Bdd,MID,4572,Way,SUPPORT,22,0.3181818181818182,0.0056566755738948205,-0.2104421906596365,629.5909090909091,204.04545454545453,0.016240430101069774,-0.010583754527174954
5122,PerfecT,TOP,4572,Way,SUPPORT,22,0.3181818181818182,-0.5146515891100354,-0.2104421906596365,474.3181818181818,204.04545454545453,-0.315152700034969,-0.1994988890750664
983,Cuzz,JUNGLE,4572,Way,SUPPORT,22,0.3181818181818182,-0.18556731235263682,-0.2104421906596365,427.3636363636364,204.04545454545453,0.08017630163581314,-0.26574361398845
2508,deokdam,ADC,4572,Way,SUPPORT,22,0.3181818181818182,-0.6104327832413902,-0.2104421906596365,626.3181818181819,204.04545454545453,-0.17517524116661884,-0.4352575420747713
4260,Peter,SUPPORT,4925,Casting,TOP,19,0.3684210526315789,0.018809552214688708,-0.17592946439588145,229.42105263157896,622.3684210526316,-0.06122435825105954,0.08003391046574825
983,Cuzz,JUNGLE,4925,Casting,TOP,19,0.3684210526315789,0.13912786612703126,-0.17592946439588145,483.1578947368421,622.3684210526316,0.08017630163581314,0.05895156449121812
650,Bdd,MID,4925,Casting,TOP,19,0.3684210526315789,0.05479514228623267,-0.17592946439588145,699.6315789473684,622.3684210526316,0.016240430101069774,0.03855471218516289
4925,Casting,TOP,650,Bdd,MID,19,0.3684210526315789,-0.17592946439588145,0.05479514228623267,622.3684210526316,699.6315789473684,-0.17592946439588145,0.0
4925,Casting,TOP,983,Cuzz,JUNGLE,19,0.3684210526315789,-0.17592946439588145,0.13912786612703126,622.3684210526316,483.1578947368421,-0.17592946439588145,0.0
4925,Casting,TOP,4260,Peter,SUPPORT,19,0.3684210526315789,-0.17592946439588145,0.018809552214688708,622.3684210526316,229.42105263157896,-0.17592946439588145,0.0
5393,Pungyeon,MID,1906,Life,SUPPORT,12,0.16666666666666666,-0.4921514697765314,-0.42142645861252515,595.0,173.66666666666666,-0.4921514697765314,0.0
5393,Pungyeon,MID,3082,DuDu,TOP,12,0.16666666666666666,-0.4921514697765314,-0.5421135492027995,595.0,487.4166666666667,-0.4921514697765314,0.0
5393,Pungyeon,MID,3322,Berserker,ADC,12,0.16666666666666666,-0.4921514697765314,-0.7563719140560216,595.0,502.6666666666667,-0.4921514697765314,0.0
1906,Life,SUPPORT,5393,Pungyeon,MID,12,0.16666666666666666,-0.42142645861252515,-0.4921514697765314,173.66666666666666,595.0,-0.26318086557378784,-0.1582455930387373
3082,DuDu,TOP,5393,Pungyeon,MID,12,0.16666666666666666,-0.5421135492027995,-0.4921514697765314,487.4166666666667,595.0,-0.1455487277913708,-0.39656482141142874
3322,Berserker,ADC,5393,Pungyeon,MID,12,0.16666666666666666,-0.7563719140560216,-0.4921514697765314,502.6666666666667,595.0,-0.18437332816025956,-0.571998585895762
4865,Pollu,SUPPORT,3438,Bull,ADC,11,0.36363636363636365,-0.09246443092280696,-0.20641813795669908,195.9090909090909,631.4545454545455,-0.16622556493973986,0.0737611340169329
3438,Bull,ADC,2545,Morgan,TOP,11,0.36363636363636365,-0.20641813795669908,-0.13139260657434762,631.4545454545455,521.5454545454545,-0.20641813795669905,-2.7755575615628914e-17
3438,Bull,ADC,3195,Clozer,MID,11,0.36363636363636365,-0.20641813795669908,0.04839603257386859,631.4545454545455,678.3636363636364,-0.20641813795669905,-2.7755575615628914e-17
3438,Bull,ADC,4865,Pollu,SUPPORT,11,0.36363636363636365,-0.20641813795669908,-0.09246443092280696,631.4545454545455,195.9090909090909,-0.20641813795669905,-2.7755575615628914e-17
3195,Clozer,MID,3438,Bull,ADC,11,0.36363636363636365,0.04839603257386859,-0.20641813795669908,678.3636363636364,631.4545454545455,0.05010082313232091,-0.0017047905584523168
2508,deokdam,ADC,4925,Casting,TOP,11,0.36363636363636365,-0.2685549311305758,-0.3029912650495446,625.6363636363636,580.7272727272727,-0.17517524116661884,-0.09337968996395699
4925,Casting,TOP,2508,deokdam,ADC,11,0.36363636363636365,-0.3029912650495446,-0.2685549311305758,580.7272727272727,625.6363636363636,-0.17592946439588145,-0.12706180065366315
2545,Morgan,TOP,3438,Bull,ADC,11,0.36363636363636365,-0.13139260657434762,-0.20641813795669908,521.5454545454545,631.4545454545455,0.010746536768559318,-0.14213914334290695
1504,Ucal,MID,2650,Pleata,SUPPORT,10,0.2,-0.10007096029096689,-0.3397300454606556,581.8,163.7,-0.1673332687255159,0.06726230843454901
4233,Raptor,JUNGLE,4232,Soboro,TOP,10,0.3,-0.05544575469352155,-0.2389588291458946,477.0,579.7,-0.11510260241383254,0.05965684772031098
2650,Pleata,SUPPORT,799,Teddy,ADC,10,0.2,-0.3397300454606556,-0.44227386508407074,163.7,571.8,-0.3397300454606556,0.0
2650,Pleata,SUPPORT,1504,Ucal,MID,10,0.2,-0.3397300454606556,-0.10007096029096689,163.7,581.8,-0.3397300454606556,0.0
2650,Pleata,SUPPORT,1613,Rich,TOP,10,0.2,-0.3397300454606556,-0.3554124019438887,163.7,576.9,-0.3397300454606556,0.0
2650,Pleata,SUPPORT,4753,Sponge,JUNGLE,10,0.2,-0.3397300454606556,-0.22675487211644,163.7,478.2,-0.3397300454606556,0.0
4232,Soboro,TOP,1971,Kellin,SUPPORT,10,0.3,-0.2389588291458946,-0.13867771166835735,579.7,199.0,-0.2389588291458946,0.0
4232,Soboro,TOP,4233,Raptor,JUNGLE,10,0.3,-0.2389588291458946,-0.05544575469352155,579.7,477.0,-0.2389588291458946,0.0
4232,Soboro,TOP,4943,Diable,ADC,10,0.3,-0.2389588291458946,-0.2180650698324321,579.7,665.0,-0.2389588291458946,0.0
4753,Sponge,JUNGLE,2650,Pleata,SUPPORT,10,0.2,-0.22675487211644,-0.3397300454606556,478.2,163.7,-0.1405940956974619,-0.0861607764189781
1971,Kellin,SUPPORT,4232,Soboro,TOP,10,0.3,-0.13867771166835735,-0.2389588291458946,199.0,579.7,-0.021299722148834053,-0.1173779895195233
799,Teddy,ADC,2650,Pleata,SUPPORT,10,0.2,-0.44227386508407074,-0.3397300454606556,571.8,163.7,-0.20640965809707112,-0.2358642069869996
4943,Diable,ADC,4232,Soboro,TOP,10,0.3,-0.2180650698324321,-0.2389588291458946,665.0,579.7,0.036669207479742026,-0.25473427731217413
1613,Rich,TOP,2650,Pleata,SUPPORT,10,0.2,-0.3554124019438887,-0.3397300454606556,576.9,163.7,-0.100567383905094,-0.25484501803879467
2664,Pyosik,JUNGLE,5393,Pungyeon,MID,9,0.1111111111111111,-0.2643674826087596,-0.5727828584159871,366.55555555555554,611.3333333333334,-0.3020417782352392,0.037674295626479615
5393,Pungyeon,MID,2664,Pyosik,JUNGLE,9,0.1111111111111111,-0.5727828584159871,-0.2643674826087596,611.3333333333334,366.55555555555554,-0.4921514697765314,-0.08063138863945568
3322,Berserker,ADC,5394,Quantum,SUPPORT,8,0.25,0.1362997901216748,0.05624795456983858,796.875,247.125,-0.18437332816025956,0.32067311828193434
4233,Raptor,JUNGLE,4221,Daystar,MID,8,0.375,0.20211186934405456,-0.30636584854346655,513.125,575.625,-0.11510260241383254,0.3172144717578871
3082,DuDu,TOP,5394,Quantum,SUPPORT,8,0.25,0.1256822688144764,0.05624795456983858,694.0,247.125,-0.1455487277913708,0.27123099660584715
4925,Casting,TOP,4215,Paduck,ADC,8,0.375,-0.0012194884970946063,-0.7976195389493401,679.625,525.75,-0.17592946439588145,0.17470997589878684
4232,Soboro,TOP,4221,Daystar,MID,8,0.375,-0.18032178190773965,-0.30636584854346655,594.25,575.625,-0.2389588291458946,0.058637047238154966
4260,Peter,SUPPORT,4215,Paduck,ADC,8,0.375,-0.004197569117437433,-0.7976195389493401,222.5,525.75,-0.06122435825105954,0.05702678913362211
4215,Paduck,ADC,650,Bdd,MID,8,0.375,-0.7976195389493401,-0.008162067062982156,525.75,639.875,-0.7976195389493401,0.0
4215,Paduck,ADC,983,Cuzz,JUNGLE,8,0.375,-0.7976195389493401,0.0749309022823873,525.75,476.0,-0.7976195389493401,0.0
4215,Paduck,ADC,4260,Peter,SUPPORT,8,0.375,-0.7976195389493401,-0.004197569117437433,525.75,222.5,-0.7976195389493401,0.0
4215,Paduck,ADC,4925,Casting,TOP,8,0.375,-0.7976195389493401,-0.0012194884970946063,525.75,679.625,-0.7976195389493401,0.0
4221,Daystar,MID,1971,Kellin,SUPPORT,8,0.375,-0.30636584854346655,-0.11489672426381707,575.625,189.25,-0.30636584854346655,0.0
4221,Daystar,MID,4232,Soboro,TOP,8,0.375,-0.30636584854346655,-0.18032178190773965,575.625,594.25,-0.30636584854346655,0.0
4221,Daystar,MID,4233,Raptor,JUNGLE,8,0.375,-0.30636584854346655,0.20211186934405456,575.625,513.125,-0.30636584854346655,0.0
4221,Daystar,MID,4943,Diable,ADC,8,0.375,-0.30636584854346655,-0.060417328017273855,575.625,700.375,-0.30636584854346655,0.0
5394,Quantum,SUPPORT,2664,Pyosik,JUNGLE,8,0.25,0.05624795456983858,-0.49479458422993333,247.125,319.125,0.05624795456983858,0.0
5394,Quantum,SUPPORT,3082,DuDu,TOP,8,0.25,0.05624795456983858,0.1256822688144764,247.125,694.0,0.05624795456983858,0.0
5394,Quantum,SUPPORT,3322,Berserker,ADC,8,0.25,0.05624795456983858,0.1362997901216748,247.125,796.875,0.05624795456983858,0.0
5394,Quantum,SUPPORT,3974,Bulldog,MID,8,0.25,0.05624795456983858,-0.23001448564655397,247.125,700.5,0.05624795456983858,0.0
983,Cuzz,JUNGLE,4215,Paduck,ADC,8,0.375,0.0749309022823873,-0.7976195389493401,476.0,525.75,0.08017630163581314,-0.005245399353425842
650,Bdd,MID,4215,Paduck,ADC,8,0.375,-0.008162067062982156,-0.7976195389493401,639.875,525.75,0.016240430101069774,-0.02440249716405193
3974,Bulldog,MID,5394,Quantum,SUPPORT,8,0.25,-0.23001448564655397,0.05624795456983858,700.5,247.125,-0.18068399017487674,-0.04933049547167723
1971,Kellin,SUPPORT,4221,Daystar,MID,8,0.375,-0.11489672426381707,-0.30636584854346655,189.25,575.625,-0.021299722148834053,-0.09359700211498302
4943,Diable,ADC,4221,Daystar,MID,8,0.375,-0.060417328017273855,-0.30636584854346655,700.375,575.625,0.036669207479742026,-0.09708653549701587
2664,Pyosik,JUNGLE,5394,Quantum,SUPPORT,8,0.25,-0.49479458422993333,0.05624795456983858,319.125,247.125,-0.3020417782352392,-0.19275280599469413
2645,Croco,JUNGLE,3438,Bull,ADC,6,0.3333333333333333,-0.041156260060640215,-0.407371760342838,439.6666666666667,501.1666666666667,0.12978464558991995,-0.17094090565056017
3438,Bull,ADC,2645,Croco,JUNGLE,6,0.3333333333333333,-0.407371760342838,-0.041156260060640215,501.1666666666667,439.6666666666667,-0.20641813795669905,-0.20095362238613895
4217,HamBak,JUNGLE,3438,Bull,ADC,5,0.4,0.2016700265766377,0.03472620890666769,523.0,787.8,-0.33780646341303444,0.5394764899896721
3438,Bull,ADC,4217,HamBak,JUNGLE,5,0.4,0.03472620890666769,0.2016700265766377,787.8,523.0,-0.20641813795669905,0.24114434686336675
3195,Clozer,MID,2919,Ellim,JUNGLE,5,0.2,0.17232320434392218,-0.2715647656655502,691.0,394.4,0.05010082313232091,0.12222238121160127
2545,Morgan,TOP,2919,Ellim,JUNGLE,5,0.2,0.04639104226979305,-0.2715647656655502,601.4,394.4,0.010746536768559318,0.03564450550123373
2919,Ellim,JUNGLE,2545,Morgan,TOP,5,0.2,-0.2715647656655502,0.04639104226979305,394.4,601.4,-0.2715647656655502,0.0
2919,Ellim,JUNGLE,3195,Clozer,MID,5,0.2,-0.2715647656655502,0.17232320434392218,394.4,691.0,-0.2715647656655502,0.0
2919,Ellim,JUNGLE,3694,Hype,ADC,5,0.2,-0.2715647656655502,-0.5602467192447593,394.4,529.2,-0.2715647656655502,0.0
2919,Ellim,JUNGLE,4865,Pollu,SUPPORT,5,0.2,-0.2715647656655502,-0.5405678714729303,394.4,142.0,-0.2715647656655502,0.0
5919,LazyFeel,ADC,5264,Kyeahoo,MID,5,0.4,-0.5125024260473948,-0.203185328148548,545.2,583.8,-0.40266828220661166,-0.10983414384078316
5264,Kyeahoo,MID,5919,LazyFeel,ADC,5,0.4,-0.203185328148548,-0.5125024260473948,583.8,545.2,-0.04799656781290133,-0.15518876033564666
4865,Pollu,SUPPORT,2919,Ellim,JUNGLE,5,0.2,-0.5405678714729303,-0.2715647656655502,142.0,394.4,-0.16622556493973986,-0.37434230653319045
3694,Hype,ADC,2919,Ellim,JUNGLE,5,0.2,-0.5602467192447593,-0.2715647656655502,529.2,394.4,-0.10483503738217337,-0.45541168186258596
5058,Calix,MID,2761,Vital,ADC,4,0.25,-0.03956157838527857,0.08322583796479188,506.5,743.5,-0.30702050180381985,0.2674589234185413
2575,Trigger,ADC,738,Lehends,SUPPORT,4,0.0,-1.1528385811584374,-0.6295983131258162,627.5,229.5,-1.1528385811584374,0.0
2575,Trigger,ADC,1229,kingen,TOP,4,0.0,-1.1528385811584374,-0.5458481473719734,627.5,583.75,-1.1528385811584374,0.0
2575,Trigger,ADC,3327,GIDEON,JUNGLE,4,0.0,-1.1528385811584374,-0.5502414083116535,627.5,332.25,-1.1528385811584374,0.0
2575,Trigger,ADC,5058,Calix,MID,4,0.0,-1.1528385811584374,-0.998804643357645,627.5,568.0,-1.1528385811584374,0.0
2761,Vital,ADC,738,Lehends,SUPPORT,4,0.25,0.08322583796479188,-0.6321532057403784,743.5,146.5,0.08322583796479188,0.0
2761,Vital,ADC,1229,kingen,TOP,4,0.25,0.08322583796479188,-0.09151187968523697,743.5,518.75,0.08322583796479188,0.0
2761,Vital,ADC,3327,GIDEON,JUNGLE,4,0.25,0.08322583796479188,-0.48108882054134083,743.5,289.5,0.08322583796479188,0.0
2761,Vital,ADC,5058,Calix,MID,4,0.25,0.08322583796479188,-0.03956157838527857,743.5,506.5,0.08322583796479188,0.0
1229,kingen,TOP,2761,Vital,ADC,4,0.25,-0.09151187968523697,0.08322583796479188,518.75,743.5,0.027048122645319115,-0.11856000233055608
3327,GIDEON,JUNGLE,2761,Vital,ADC,4,0.25,-0.48108882054134083,0.08322583796479188,289.5,743.5,-0.1855240786194856,-0.2955647419218552
3327,GIDEON,JUNGLE,2575,Trigger,ADC,4,0.0,-0.5502414083116535,-1.1528385811584374,332.25,627.5,-0.1855240786194856,-0.36471732969216786
738,Lehends,SUPPORT,2575,Trigger,ADC,4,0.0,-0.6295983131258162,-1.1528385811584374,229.5,627.5,-0.164972757115448,-0.46462555601036815
738,Lehends,SUPPORT,2761,Vital,ADC,4,0.25,-0.6321532057403784,0.08322583796479188,146.5,743.5,-0.164972757115448,-0.46718044862493036
1229,kingen,TOP,2575,Trigger,ADC,4,0.0,-0.5458481473719734,-1.1528385811584374,583.75,627.5,0.027048122645319115,-0.5728962700172925
5058,Calix,MID,2575,Trigger,ADC,4,0.0,-0.998804643357645,-1.1528385811584374,568.0,627.5,-0.30702050180381985,-0.6917841415538251
1906,Life,SUPPORT,4927,DDoiV,JUNGLE,3,0.3333333333333333,0.1924022161544899,-0.468192250933463,240.33333333333334,376.3333333333333,-0.26318086557378784,0.4555830817282778
5393,Pungyeon,MID,4927,DDoiV,JUNGLE,3,0.3333333333333333,-0.2502573038581642,-0.468192250933463,546.0,376.3333333333333,-0.4921514697765314,0.2418941659183672
4927,DDoiV,JUNGLE,1906,Life,SUPPORT,3,0.3333333333333333,-0.468192250933463,0.1924022161544899,376.3333333333333,240.33333333333334,-0.468192250933463,0.0
4927,DDoiV,JUNGLE,3082,DuDu,TOP,3,0.3333333333333333,-0.468192250933463,-0.41754650430111234,376.3333333333333,542.0,-0.468192250933463,0.0
4927,DDoiV,JUNGLE,3322,Berserker,ADC,3,0.3333333333333333,-0.468192250933463,-0.7281634431104744,376.3333333333333,423.0,-0.468192250933463,0.0
4927,DDoiV,JUNGLE,5393,Pungyeon,MID,3,0.3333333333333333,-0.468192250933463,-0.2502573038581642,376.3333333333333,546.0,-0.468192250933463,0.0
3082,DuDu,TOP,4927,DDoiV,JUNGLE,3,0.3333333333333333,-0.41754650430111234,-0.468192250933463,542.0,376.3333333333333,-0.1455487277913708,-0.27199777650974155
3322,Berserker,ADC,4927,DDoiV,JUNGLE,3,0.3333333333333333,-0.7281634431104744,-0.468192250933463,423.0,376.3333333333333,-0.18437332816025956,-0.5437901149502149
4232,Soboro,TOP,3326,Vicla,MID,2,0.0,-0.4735070180985146,-0.8227727104823488,521.5,572.5,-0.2389588291458946,-0.23454818895261997
3326,Vicla,MID,4232,Soboro,TOP,2,0.0,-0.8227727104823488,-0.4735070180985146,572.5,521.5,-0.1915161332549169,-0.6312565772274319
